polysemy	perc_correct	num
0	0.0	2
1	97.4789915966	119
2	76.0330578512	121
3	69.4117647059	85
4	74.7572815534	103
5	48.275862069	58
6	70.7865168539	89
7	57.4468085106	47
8	29.1666666667	24
9	35.2941176471	17
10	48.7804878049	41
11	57.1428571429	21
12	33.3333333333	15
13	80.0	15
14	20.0	5
15	83.3333333333	6
16	50.0	6
17	0.0	1
19	0.0	3
20	80.0	5
21	0.0	1
24	0.0	2
25	50.0	2
26	0.0	1
27	0.0	2
30	33.3333333333	3
35	0.0	1
44	0.0	6
49	0.0	2
