polysemy	perc_correct	num
1	100.0	244
2	72.4279835391	243
3	53.8461538462	156
4	57.5916230366	191
5	41.0714285714	168
6	53.8461538462	91
7	53.8461538462	104
8	42.2222222222	45
9	50.0	44
10	56.1403508772	57
11	27.1428571429	70
12	40.7407407407	27
13	28.5714285714	7
14	22.7272727273	22
15	0.0	3
16	33.3333333333	3
17	28.5714285714	7
20	60.0	20
26	36.3636363636	11
30	0.0	1
